,slice_index,lung_coverage,diameter_mm,bbox_contrast
count,7680.0,7680.0,7680.0,7680.0
mean,161.715234375,0.3621410346354167,3.549490001133073,15.053427044270832
std,85.1932454857033,0.11965186783897369,4.960589650208864,23.03612301552122
min,0.0,0.081035,0.0,-7.9839
25%,98.0,0.26901025,0.0,0.0
50%,163.0,0.3588165,0.0,0.0
75%,226.0,0.4406255,5.966819537999999,27.595375
max,374.0,0.7174,32.27003025,126.9063
