,z_coord,y_coord,x_coord,diameter_mm,malignancy_score,malignancy_label,spiculation_label,margin_label,num_annotators,spiculation_score,margin_score,lobulation_score,texture
count,1187.0,1187.0,1187.0,1187.0,1187.0,1187.0,1187.0,1187.0,1187.0,1187.0,1187.0,1187.0,1187.0
mean,551.7211457455771,174.5686604886268,89.69755686604886,12.297112907041662,2.91360171701368,0.44481887110362256,0.16512215669755687,0.9031171019376579,3.686604886267902,1.6318449873631002,4.0766638584667225,1.7228306655433867,4.607413647851727
std,267.1573370658121,85.86799721770963,58.596833442370794,7.772744780294728,0.9999194248460939,0.49715517514802643,0.371447259853509,0.2959229235179868,0.5349638824798285,1.0574222767644448,1.0621590173531585,1.0216093877388595,0.9323919627810898
min,76.0,19.0,11.0,3.45578080315761,1.0,0.0,0.0,0.0,3.0,1.0,1.0,1.0,1.0
25%,341.0,98.5,48.0,7.150460174215565,2.333333333333333,0.0,0.0,1.0,3.0,1.0,4.0,1.0,5.0
50%,486.0,159.0,73.0,9.264485332524549,2.75,0.0,0.0,1.0,4.0,1.0,4.0,1.0,5.0
75%,743.0,254.0,114.0,14.761747419215869,3.6666666666666665,1.0,0.0,1.0,4.0,2.0,5.0,2.0,5.0
max,1696.0,360.0,422.0,49.0925278830222,5.0,1.0,1.0,1.0,8.0,5.0,5.0,5.0,5.0
